-- phpMyAdmin SQL Dump
-- version 5.2.1
-- https://www.phpmyadmin.net/
--
-- Servidor: 127.0.0.1:3307
-- Tiempo de generación: 31-08-2024 a las 06:46:23
-- Versión del servidor: 10.4.32-MariaDB
-- Versión de PHP: 8.1.25

SET SQL_MODE = "NO_AUTO_VALUE_ON_ZERO";
START TRANSACTION;
SET time_zone = "+00:00";


/*!40101 SET @OLD_CHARACTER_SET_CLIENT=@@CHARACTER_SET_CLIENT */;
/*!40101 SET @OLD_CHARACTER_SET_RESULTS=@@CHARACTER_SET_RESULTS */;
/*!40101 SET @OLD_COLLATION_CONNECTION=@@COLLATION_CONNECTION */;
/*!40101 SET NAMES utf8mb4 */;

--
-- Base de datos: `municipio`
--
CREATE DATABASE IF NOT EXISTS `municipio` DEFAULT CHARACTER SET utf8 COLLATE utf8_general_ci;
USE `municipio`;

-- --------------------------------------------------------

--
-- Estructura de tabla para la tabla `departamento`
--

DROP TABLE IF EXISTS `departamento`;
CREATE TABLE IF NOT EXISTS `departamento` (
  `idDepartamento` int(11) NOT NULL,
  `nombreDepartamento` varchar(100) NOT NULL,
  `region_idRegion` int(11) NOT NULL,
  PRIMARY KEY (`idDepartamento`,`region_idRegion`),
  KEY `fk_departamento_region1_idx` (`region_idRegion`)
) ENGINE=InnoDB DEFAULT CHARSET=utf8 COLLATE=utf8_general_ci;

--
-- Volcado de datos para la tabla `departamento`
--

INSERT INTO `departamento` (`idDepartamento`, `nombreDepartamento`, `region_idRegion`) VALUES
(5, 'Antioquia', 1),
(8, 'Atlántico', 3),
(11, 'Bogotá D.C.', 2),
(13, 'Bolívar', 3),
(15, 'Boyacá', 2),
(17, 'Caldas', 1),
(18, 'Caquetá', 6),
(19, 'Cauca', 4),
(20, 'Cesar', 3),
(23, 'Córdoba', 3),
(25, 'Cundinamarca', 2),
(27, 'Chocó', 4),
(41, 'Huila', 6),
(44, 'La Guajira', 3),
(47, 'Magdalena', 3),
(50, 'Meta', 5),
(52, 'Nariño', 4),
(54, 'Norte de Santander', 2),
(63, 'Quindío', 1),
(66, 'Risaralda', 1),
(68, 'Santander', 2),
(70, 'Sucre', 3),
(73, 'Tolima', 6),
(76, 'Valle del Cauca', 4),
(81, 'Arauca', 5),
(85, 'Casanare', 5),
(86, 'Putumayo', 6),
(88, 'Archipiélago de San Andrés, Providencia y Santa Catalina', 3),
(91, 'Amazonas', 6),
(94, 'Guainía', 5),
(95, 'Guaviare', 5),
(97, 'Vaupés', 6),
(99, 'Vichada', 5);

-- --------------------------------------------------------

--
-- Estructura de tabla para la tabla `municipio`
--

DROP TABLE IF EXISTS `municipio`;
CREATE TABLE IF NOT EXISTS `municipio` (
  `idMunicipio` varchar(10) NOT NULL,
  `nombreMunicipio` varchar(100) NOT NULL,
  `departamento_idDepartamento` int(11) NOT NULL,
  PRIMARY KEY (`idMunicipio`,`departamento_idDepartamento`),
  KEY `fk_municipio_departamento_idx` (`departamento_idDepartamento`)
) ENGINE=InnoDB DEFAULT CHARSET=utf8 COLLATE=utf8_general_ci;

--
-- Volcado de datos para la tabla `municipio`
--

INSERT INTO `municipio` (`idMunicipio`, `nombreMunicipio`, `departamento_idDepartamento`) VALUES
('11.001', 'Bogotá D.C.', 11),
('13.001', 'Cartagena', 13),
('13.006', 'Achí', 13),
('13.03', 'Altos del Rosario', 13),
('13.042', 'Arenal', 13),
('13.052', 'Arjona', 13),
('13.062', 'Arroyohondo', 13),
('13.074', 'Barranco de Loba', 13),
('13.14', 'Calamar', 13),
('13.16', 'Cantagallo', 13),
('13.188', 'Cicuco', 13),
('13.212', 'Córdoba', 13),
('13.222', 'Clemencia', 13),
('13.244', 'El Carmen de Bolívar', 13),
('13.248', 'El Guamo', 13),
('13.268', 'El Peñón', 13),
('13.3', 'Hatillo de Loba', 13),
('13.43', 'Magangué', 13),
('13.433', 'Mahates', 13),
('13.44', 'Margarita', 13),
('13.442', 'María la Baja', 13),
('13.458', 'Montecristo', 13),
('13.468', 'Mompós', 13),
('13.473', 'Morales', 13),
('13.49', 'Norosí', 13),
('13.549', 'Pinillos', 13),
('13.58', 'Regidor', 13),
('13.6', 'Río Viejo', 13),
('13.62', 'San Cristóbal', 13),
('13.647', 'San Estanislao', 13),
('13.65', 'San Fernando', 13),
('13.654', 'San Jacinto', 13),
('13.655', 'San Jacinto del Cauca', 13),
('13.657', 'San Juan Nepomuceno', 13),
('13.667', 'San Martín de Loba', 13),
('13.67', 'San Pablo de Borbur', 13),
('13.673', 'Santa Catalina', 13),
('13.683', 'Santa Rosa', 13),
('13.688', 'Santa Rosa del Sur', 13),
('13.744', 'Simití', 13),
('13.76', 'Soplaviento', 13),
('13.78', 'Talaigua Nuevo', 13),
('13.81', 'Tiquisio', 13),
('13.836', 'Turbaco', 13),
('13.838', 'Turbaná', 13),
('13.873', 'Villanueva', 13),
('13.894', 'Zambrano', 13),
('15.001', 'Tunja', 15),
('15.022', 'Almeida', 15),
('15.047', 'Aquitania', 15),
('15.051', 'Arcabuco', 15),
('15.087', 'Belén', 15),
('15.09', 'Berbeo', 15),
('15.092', 'Betéitiva', 15),
('15.097', 'Boavita', 15),
('15.104', 'Boyacá', 15),
('15.106', 'Briceño', 15),
('15.109', 'Buena Vista', 15),
('15.114', 'Busbanzá', 15),
('15.131', 'Caldas', 15),
('15.135', 'Campohermoso', 15),
('15.162', 'Cerinza', 15),
('15.172', 'Chinavita', 15),
('15.176', 'Chiquinquirá', 15),
('15.18', 'Chiscas', 15),
('15.183', 'Chita', 15),
('15.185', 'Chitaraque', 15),
('15.187', 'Chivatá', 15),
('15.189', 'Ciénega', 15),
('15.204', 'Cómbita', 15),
('15.212', 'Coper', 15),
('15.215', 'Corrales', 15),
('15.218', 'Covarachía', 15),
('15.223', 'Cubará', 15),
('15.224', 'Cucaita', 15),
('15.226', 'Cuítiva', 15),
('15.232', 'Chíquiza', 15),
('15.236', 'Chivor', 15),
('15.238', 'Duitama', 15),
('15.244', 'El Cocuy', 15),
('15.248', 'El Espino', 15),
('15.272', 'Firavitoba', 15),
('15.276', 'Floresta', 15),
('15.293', 'Gachantivá', 15),
('15.296', 'Gameza', 15),
('15.299', 'Garagoa', 15),
('15.317', 'Guacamayas', 15),
('15.322', 'Guateque', 15),
('15.325', 'Guayatá', 15),
('15.332', 'Güicán', 15),
('15.362', 'Iza', 15),
('15.367', 'Jenesano', 15),
('15.368', 'Jericó', 15),
('15.377', 'Labranzagrande', 15),
('15.38', 'La Capilla', 15),
('15.401', 'La Victoria', 15),
('15.403', 'La Uvita', 15),
('15.407', 'Villa de Leyva', 15),
('15.425', 'Macanal', 15),
('15.442', 'Maripí', 15),
('15.455', 'Miraflores', 15),
('15.464', 'Mongua', 15),
('15.466', 'Monguí', 15),
('15.469', 'Moniquirá', 15),
('15.476', 'Motavita', 15),
('15.48', 'Muzo', 15),
('15.491', 'Nobsa', 15),
('15.494', 'Nuevo Colón', 15),
('15.5', 'Oicatá', 15),
('15.507', 'Otanche', 15),
('15.511', 'Pachavita', 15),
('15.514', 'Páez', 15),
('15.516', 'Paipa', 15),
('15.518', 'Pajarito', 15),
('15.522', 'Panqueba', 15),
('15.531', 'Pauna', 15),
('15.533', 'Paya', 15),
('15.537', 'Paz de Río', 15),
('15.542', 'Pesca', 15),
('15.55', 'Pisba', 15),
('15.572', 'Puerto Boyacá', 15),
('15.58', 'Quípama', 15),
('15.599', 'Ramiriquí', 15),
('15.6', 'Ráquira', 15),
('15.621', 'Rondón', 15),
('15.632', 'Saboyá', 15),
('15.638', 'Sáchica', 15),
('15.646', 'Samacá', 15),
('15.66', 'San Eduardo', 15),
('15.664', 'San José de Pare', 15),
('15.667', 'San Luis de Gaceno', 15),
('15.673', 'San Mateo', 15),
('15.676', 'San Miguel de Sema', 15),
('15.681', 'San Pablo de Borbur', 15),
('15.686', 'Santana', 15),
('15.69', 'Santa María', 15),
('15.693', 'Santa Rosa de Viterbo', 15),
('15.696', 'Santa Sofía', 15),
('15.72', 'Sativanorte', 15),
('15.723', 'Sativasur', 15),
('15.74', 'Siachoque', 15),
('15.753', 'Soatá', 15),
('15.755', 'Socotá', 15),
('15.757', 'Socha', 15),
('15.759', 'Sogamoso', 15),
('15.761', 'Somondoco', 15),
('15.762', 'Sora', 15),
('15.763', 'Sotaquirá', 15),
('15.764', 'Soracá', 15),
('15.774', 'Susacón', 15),
('15.776', 'Sutamarchán', 15),
('15.778', 'Sutatenza', 15),
('15.79', 'Tasco', 15),
('15.798', 'Tenza', 15),
('15.804', 'Tibaná', 15),
('15.806', 'Tibasosa', 15),
('15.808', 'Tinjacá', 15),
('15.81', 'Tipacoque', 15),
('15.814', 'Toca', 15),
('15.816', 'Togüí', 15),
('15.82', 'Tópaga', 15),
('15.822', 'Tota', 15),
('15.832', 'Tununguá', 15),
('15.835', 'Turmequé', 15),
('15.837', 'Tuta', 15),
('15.839', 'Tutazá', 15),
('15.842', 'Umbita', 15),
('15.861', 'Ventaquemada', 15),
('15.879', 'Viracachá', 15),
('15.897', 'Zetaquira', 15),
('17.001', 'Manizales', 17),
('17.013', 'Aguadas', 17),
('17.042', 'Anserma', 17),
('17.05', 'Aranzazu', 17),
('17.088', 'Belalcázar', 17),
('17.174', 'Chinchiná', 17),
('17.272', 'Filadelfia', 17),
('17.38', 'La Dorada', 17),
('17.388', 'La Merced', 17),
('17.433', 'Manzanares', 17),
('17.442', 'Marmato', 17),
('17.444', 'Marquetalia', 17),
('17.446', 'Marulanda', 17),
('17.486', 'Neira', 17),
('17.495', 'Norcasia', 17),
('17.513', 'Pácora', 17),
('17.524', 'Palestina', 17),
('17.541', 'Pensilvania', 17),
('17.614', 'Riosucio', 17),
('17.616', 'Risaralda', 17),
('17.653', 'Salamina', 17),
('17.662', 'Samaná', 17),
('17.665', 'San José', 17),
('17.777', 'Supía', 17),
('17.867', 'Victoria', 17),
('17.873', 'Villamaría', 17),
('17.877', 'Viterbo', 17),
('18.001', 'Florencia', 18),
('18.029', 'Albania', 18),
('18.094', 'Belén de Los Andaquies', 18),
('18.15', 'Cartagena del Chairá', 18),
('18.205', 'Curillo', 18),
('18.247', 'El Doncello', 18),
('18.256', 'El Paujil', 18),
('18.41', 'La Montañita', 18),
('18.46', 'Milán', 18),
('18.479', 'Morelia', 18),
('18.592', 'Puerto Rico', 18),
('18.61', 'San José del Fragua', 18),
('18.753', 'San Vicente del Caguán', 18),
('18.756', 'Solano', 18),
('18.785', 'Solita', 18),
('18.86', 'Valparaíso', 18),
('19.001', 'Popayán', 19),
('19.022', 'Almaguer', 19),
('19.05', 'Argelia', 19),
('19.075', 'Balboa', 19),
('19.1', 'Bolívar', 19),
('19.11', 'Buenos Aires', 19),
('19.13', 'Cajibío', 19),
('19.137', 'Caldono', 19),
('19.142', 'Caloto', 19),
('19.212', 'Corinto', 19),
('19.256', 'El Tambo', 19),
('19.29', 'Florencia', 19),
('19.3', 'Guachené', 19),
('19.318', 'Guapi', 19),
('19.355', 'Inzá', 19),
('19.364', 'Jambaló', 19),
('19.392', 'La Sierra', 19),
('19.397', 'La Vega', 19),
('19.418', 'López', 19),
('19.45', 'Mercaderes', 19),
('19.455', 'Miranda', 19),
('19.473', 'Morales', 19),
('19.513', 'Padilla', 19),
('19.517', 'Páez', 19),
('19.532', 'Patía', 19),
('19.533', 'Piamonte', 19),
('19.548', 'Piendamó', 19),
('19.573', 'Puerto Tejada', 19),
('19.585', 'Puracé', 19),
('19.622', 'Rosas', 19),
('19.693', 'San Sebastián', 19),
('19.698', 'Santander de Quilichao', 19),
('19.701', 'Santa Rosa', 19),
('19.743', 'Silvia', 19),
('19.76', 'Sotara', 19),
('19.78', 'Suárez', 19),
('19.785', 'Sucre', 19),
('19.807', 'Timbío', 19),
('19.809', 'Timbiquí', 19),
('19.821', 'Toribio', 19),
('19.824', 'Totoró', 19),
('19.845', 'Villa Rica', 19),
('20.001', 'Valledupar', 20),
('20.011', 'Aguachica', 20),
('20.013', 'Agustín Codazzi', 20),
('20.032', 'Astrea', 20),
('20.045', 'Becerril', 20),
('20.06', 'Bosconia', 20),
('20.175', 'Chimichagua', 20),
('20.178', 'Chiriguaná', 20),
('20.228', 'Curumaní', 20),
('20.238', 'El Copey', 20),
('20.25', 'El Paso', 20),
('20.295', 'Gamarra', 20),
('20.31', 'González', 20),
('20.383', 'La Gloria', 20),
('20.4', 'La Jagua de Ibirico', 20),
('20.443', 'Manaure', 20),
('20.517', 'Pailitas', 20),
('20.55', 'Pelaya', 20),
('20.57', 'Pueblo Bello', 20),
('20.614', 'Río de Oro', 20),
('20.621', 'La Paz', 20),
('20.71', 'San Alberto', 20),
('20.75', 'San Diego', 20),
('20.77', 'San Martín', 20),
('20.787', 'Tamalameque', 20),
('23.001', 'Montería', 23),
('23.068', 'Ayapel', 23),
('23.079', 'Buenavista', 23),
('23.09', 'Canalete', 23),
('23.162', 'Cereté', 23),
('23.168', 'Chimá', 23),
('23.182', 'Chinú', 23),
('23.189', 'Ciénaga de Oro', 23),
('23.3', 'Cotorra', 23),
('23.35', 'La Apartada', 23),
('23.417', 'Lorica', 23),
('23.419', 'Los Córdobas', 23),
('23.464', 'Momil', 23),
('23.466', 'Montelíbano', 23),
('23.5', 'Moñitos', 23),
('23.555', 'Planeta Rica', 23),
('23.57', 'Pueblo Nuevo', 23),
('23.574', 'Puerto Escondido', 23),
('23.58', 'Puerto Libertador', 23),
('23.586', 'Purísima', 23),
('23.66', 'Sahagún', 23),
('23.67', 'San Andrés Sotavento', 23),
('23.672', 'San Antero', 23),
('23.675', 'San Bernardo del Viento', 23),
('23.678', 'San Carlos', 23),
('23.682', 'San José de Uré', 23),
('23.686', 'San Pelayo', 23),
('23.807', 'Tierralta', 23),
('23.815', 'Tuchín', 23),
('23.855', 'Valencia', 23),
('25.001', 'Agua de Dios', 25),
('25.019', 'Albán', 25),
('25.035', 'Anapoima', 25),
('25.04', 'Anolaima', 25),
('25.053', 'Arbeláez', 25),
('25.086', 'Beltrán', 25),
('25.095', 'Bituima', 25),
('25.099', 'Bojacá', 25),
('25.12', 'Cabrera', 25),
('25.123', 'Cachipay', 25),
('25.126', 'Cajicá', 25),
('25.148', 'Caparrapí', 25),
('25.151', 'Caqueza', 25),
('25.154', 'Carmen de Carupa', 25),
('25.168', 'Chaguaní', 25),
('25.175', 'Chía', 25),
('25.178', 'Chipaque', 25),
('25.181', 'Choachí', 25),
('25.183', 'Chocontá', 25),
('25.2', 'Cogua', 25),
('25.214', 'Cota', 25),
('25.224', 'Cucunubá', 25),
('25.245', 'El Colegio', 25),
('25.258', 'El Peñón', 25),
('25.26', 'El Rosal', 25),
('25.269', 'Facatativá', 25),
('25.279', 'Fomeque', 25),
('25.281', 'Fosca', 25),
('25.286', 'Funza', 25),
('25.288', 'Fúquene', 25),
('25.29', 'Fusagasugá', 25),
('25.293', 'Gachala', 25),
('25.295', 'Gachancipá', 25),
('25.297', 'Gachetá', 25),
('25.299', 'Gama', 25),
('25.307', 'Girardot', 25),
('25.312', 'Granada', 25),
('25.317', 'Guachetá', 25),
('25.32', 'Guaduas', 25),
('25.322', 'Guasca', 25),
('25.324', 'Guataquí', 25),
('25.326', 'Guatavita', 25),
('25.328', 'Guayabal de Siquima', 25),
('25.335', 'Guayabetal', 25),
('25.339', 'Gutiérrez', 25),
('25.368', 'Jerusalén', 25),
('25.372', 'Junín', 25),
('25.377', 'La Calera', 25),
('25.386', 'La Mesa', 25),
('25.394', 'La Palma', 25),
('25.398', 'La Peña', 25),
('25.402', 'La Vega', 25),
('25.407', 'Lenguazaque', 25),
('25.426', 'Macheta', 25),
('25.43', 'Madrid', 25),
('25.436', 'Manta', 25),
('25.438', 'Medina', 25),
('25.473', 'Mosquera', 25),
('25.483', 'Nariño', 25),
('25.486', 'Nemocón', 25),
('25.488', 'Nilo', 25),
('25.489', 'Nimaima', 25),
('25.491', 'Nocaima', 25),
('25.506', 'Venecia', 25),
('25.513', 'Pacho', 25),
('25.518', 'Paime', 25),
('25.524', 'Pandi', 25),
('25.53', 'Paratebueno', 25),
('25.535', 'Pasca', 25),
('25.572', 'Puerto Salgar', 25),
('25.58', 'Pulí', 25),
('25.592', 'Quebradanegra', 25),
('25.594', 'Quetame', 25),
('25.596', 'Quipile', 25),
('25.599', 'Apulo', 25),
('25.612', 'Ricaurte', 25),
('25.645', 'San Antonio del Tequendama', 25),
('25.649', 'San Bernardo', 25),
('25.653', 'San Cayetano', 25),
('25.658', 'San Francisco', 25),
('25.662', 'San Juan de Río Seco', 25),
('25.718', 'Sasaima', 25),
('25.736', 'Sesquilé', 25),
('25.74', 'Sibaté', 25),
('25.743', 'Silvania', 25),
('25.745', 'Simijaca', 25),
('25.754', 'Soacha', 25),
('25.758', 'Sopó', 25),
('25.769', 'Subachoque', 25),
('25.772', 'Suesca', 25),
('25.777', 'Supatá', 25),
('25.779', 'Susa', 25),
('25.781', 'Sutatausa', 25),
('25.785', 'Tabio', 25),
('25.793', 'Tausa', 25),
('25.797', 'Tena', 25),
('25.799', 'Tenjo', 25),
('25.805', 'Tibacuy', 25),
('25.807', 'Tibirita', 25),
('25.815', 'Tocaima', 25),
('25.817', 'Tocancipá', 25),
('25.823', 'Topaipí', 25),
('25.839', 'Ubalá', 25),
('25.841', 'Ubaque', 25),
('25.843', 'Villa de San Diego de Ubate', 25),
('25.845', 'Une', 25),
('25.851', 'Útica', 25),
('25.862', 'Vergara', 25),
('25.867', 'Vianí', 25),
('25.871', 'Villagómez', 25),
('25.873', 'Villapinzón', 25),
('25.875', 'Villeta', 25),
('25.878', 'Viotá', 25),
('25.885', 'Yacopí', 25),
('25.898', 'Zipacón', 25),
('25.899', 'Zipaquirá', 25),
('27.001', 'Quibdó', 27),
('27.006', 'Acandí', 27),
('27.025', 'Alto Baudo', 27),
('27.05', 'Atrato', 27),
('27.073', 'Bagadó', 27),
('27.075', 'Bahía Solano', 27),
('27.077', 'Bajo Baudó', 27),
('27.086', 'Belén de Bajira', 27),
('27.099', 'Bojaya', 27),
('27.135', 'El Cantón del San Pablo', 27),
('27.15', 'Carmen del Darien', 27),
('27.16', 'Cértegui', 27),
('27.205', 'Condoto', 27),
('27.245', 'El Carmen de Atrato', 27),
('27.25', 'El Litoral del San Juan', 27),
('27.361', 'Istmina', 27),
('27.372', 'Juradó', 27),
('27.413', 'Lloró', 27),
('27.425', 'Medio Atrato', 27),
('27.43', 'Medio Baudó', 27),
('27.45', 'Medio San Juan', 27),
('27.491', 'Nóvita', 27),
('27.495', 'Nuquí', 27),
('27.58', 'Río Iro', 27),
('27.6', 'Río Quito', 27),
('27.615', 'Riosucio', 27),
('27.66', 'San José del Palmar', 27),
('27.745', 'Sipí', 27),
('27.787', 'Tadó', 27),
('27.8', 'Unguía', 27),
('27.81', 'Unión Panamericana', 27),
('41.001', 'Neiva', 41),
('41.006', 'Acevedo', 41),
('41.013', 'Agrado', 41),
('41.016', 'Aipe', 41),
('41.02', 'Algeciras', 41),
('41.026', 'Altamira', 41),
('41.078', 'Baraya', 41),
('41.132', 'Campoalegre', 41),
('41.206', 'Colombia', 41),
('41.244', 'Elías', 41),
('41.298', 'Garzón', 41),
('41.306', 'Gigante', 41),
('41.319', 'Guadalupe', 41),
('41.349', 'Hobo', 41),
('41.357', 'Iquira', 41),
('41.359', 'Isnos', 41),
('41.378', 'La Argentina', 41),
('41.396', 'La Plata', 41),
('41.483', 'Nátaga', 41),
('41.503', 'Oporapa', 41),
('41.518', 'Paicol', 41),
('41.524', 'Palermo', 41),
('41.53', 'Palestina', 41),
('41.548', 'Pital', 41),
('41.551', 'Pitalito', 41),
('41.615', 'Rivera', 41),
('41.66', 'Saladoblanco', 41),
('41.668', 'San Agustín', 41),
('41.676', 'Santa María', 41),
('41.77', 'Suaza', 41),
('41.791', 'Tarqui', 41),
('41.797', 'Tesalia', 41),
('41.799', 'Tello', 41),
('41.801', 'Teruel', 41),
('41.807', 'Timaná', 41),
('41.872', 'Villavieja', 41),
('41.885', 'Yaguará', 41),
('44.001', 'Riohacha', 44),
('44.035', 'Albania', 44),
('44.078', 'Barrancas', 44),
('44.09', 'Dibula', 44),
('44.098', 'Distracción', 44),
('44.11', 'El Molino', 44),
('44.279', 'Fonseca', 44),
('44.378', 'Hatonuevo', 44),
('44.42', 'La Jagua del Pilar', 44),
('44.43', 'Maicao', 44),
('44.56', 'Manaure', 44),
('44.65', 'San Juan del Cesar', 44),
('44.847', 'Uribia', 44),
('44.855', 'Urumita', 44),
('44.874', 'Villanueva', 44),
('47.001', 'Santa Marta', 47),
('47.03', 'Algarrobo', 47),
('47.053', 'Aracataca', 47),
('47.058', 'Ariguaní', 47),
('47.161', 'Cerro San Antonio', 47),
('47.17', 'Chivolo', 47),
('47.189', 'Ciénaga', 47),
('47.205', 'Concordia', 47),
('47.245', 'El Banco', 47),
('47.258', 'El Piñon', 47),
('47.268', 'El Retén', 47),
('47.288', 'Fundación', 47),
('47.318', 'Guamal', 47),
('47.46', 'Nueva Granada', 47),
('47.541', 'Pedraza', 47),
('47.545', 'Pijiño del Carmen', 47),
('47.551', 'Pivijay', 47),
('47.555', 'Plato', 47),
('47.57', 'Pueblo Viejo', 47),
('47.605', 'Remolino', 47),
('47.66', 'Sabanas de San Angel', 47),
('47.675', 'Salamina', 47),
('47.692', 'San Sebastián de Buenavista', 47),
('47.703', 'San Zenón', 47),
('47.707', 'Santa Ana', 47),
('47.72', 'Santa Bárbara de Pinto', 47),
('47.745', 'Sitionuevo', 47),
('47.798', 'Tenerife', 47),
('47.96', 'Zapayán', 47),
('47.98', 'Zona Bananera', 47),
('5.001', 'Medellín', 5),
('5.002', 'Abejorral', 5),
('5.004', 'Abriaquí', 5),
('5.021', 'Alejandría', 5),
('5.03', 'Amagá', 5),
('5.031', 'Amalfi', 5),
('5.034', 'Andes', 5),
('5.036', 'Angelópolis', 5),
('5.038', 'Angostura', 5),
('5.04', 'Anorí', 5),
('5.042', 'Santafé de Antioquia', 5),
('5.044', 'Anza', 5),
('5.045', 'Apartadó', 5),
('5.051', 'Arboletes', 5),
('5.055', 'Argelia', 5),
('5.059', 'Armenia', 5),
('5.079', 'Barbosa', 5),
('5.086', 'Belmira', 5),
('5.088', 'Bello', 5),
('5.091', 'Betania', 5),
('5.093', 'Betulia', 5),
('5.101', 'Ciudad Bolívar', 5),
('5.107', 'Briceño', 5),
('5.113', 'Buriticá', 5),
('5.12', 'Cáceres', 5),
('5.125', 'Caicedo', 5),
('5.129', 'Caldas', 5),
('5.134', 'Campamento', 5),
('5.138', 'Cañasgordas', 5),
('5.142', 'Caracolí', 5),
('5.145', 'Caramanta', 5),
('5.147', 'Carepa', 5),
('5.148', 'El Carmen de Viboral', 5),
('5.15', 'Carolina', 5),
('5.154', 'Caucasia', 5),
('5.172', 'Chigorodó', 5),
('5.19', 'Cisneros', 5),
('5.197', 'Cocorná', 5),
('5.206', 'Concepción', 5),
('5.209', 'Concordia', 5),
('5.212', 'Copacabana', 5),
('5.234', 'Dabeiba', 5),
('5.237', 'Don Matías', 5),
('5.24', 'Ebéjico', 5),
('5.25', 'El Bagre', 5),
('5.264', 'Entrerrios', 5),
('5.266', 'Envigado', 5),
('5.282', 'Fredonia', 5),
('5.284', 'Frontino', 5),
('5.306', 'Giraldo', 5),
('5.308', 'Girardota', 5),
('5.31', 'Gómez Plata', 5),
('5.313', 'Granada', 5),
('5.315', 'Guadalupe', 5),
('5.318', 'Guarne', 5),
('5.321', 'Guatapé', 5),
('5.347', 'Heliconia', 5),
('5.353', 'Hispania', 5),
('5.36', 'Itagui', 5),
('5.361', 'Ituango', 5),
('5.364', 'Jardín', 5),
('5.368', 'Jericó', 5),
('5.376', 'La Ceja', 5),
('5.38', 'La Estrella', 5),
('5.39', 'La Pintada', 5),
('5.4', 'La Unión', 5),
('5.411', 'Liborina', 5),
('5.425', 'Maceo', 5),
('5.44', 'Marinilla', 5),
('5.467', 'Montebello', 5),
('5.475', 'Murindó', 5),
('5.48', 'Mutatá', 5),
('5.483', 'Nariño', 5),
('5.49', 'Necoclí', 5),
('5.495', 'Nechí', 5),
('5.501', 'Olaya', 5),
('5.541', 'Peñol', 5),
('5.543', 'Peque', 5),
('5.576', 'Pueblorrico', 5),
('5.579', 'Puerto Berrío', 5),
('5.585', 'Puerto Nare', 5),
('5.591', 'Puerto Triunfo', 5),
('5.604', 'Remedios', 5),
('5.607', 'Retiro', 5),
('5.615', 'Rionegro', 5),
('5.628', 'Sabanalarga', 5),
('5.631', 'Sabaneta', 5),
('5.642', 'Salgar', 5),
('5.647', 'San Andrés de Cuerquía', 5),
('5.649', 'San Carlos', 5),
('5.652', 'San Francisco', 5),
('5.656', 'San Jerónimo', 5),
('5.658', 'San José de La Montaña', 5),
('5.659', 'San Juan de Urabá', 5),
('5.66', 'San Luis', 5),
('5.664', 'San Pedro', 5),
('5.665', 'San Pedro de Uraba', 5),
('5.667', 'San Rafael', 5),
('5.67', 'San Roque', 5),
('5.674', 'San Vicente', 5),
('5.679', 'Santa Bárbara', 5),
('5.686', 'Santa Rosa de Osos', 5),
('5.69', 'Santo Domingo', 5),
('5.697', 'El Santuario', 5),
('5.736', 'Segovia', 5),
('5.756', 'Sonsón', 5),
('5.761', 'Sopetrán', 5),
('5.789', 'Támesis', 5),
('5.79', 'Tarazá', 5),
('5.792', 'Tarso', 5),
('5.809', 'Titiribí', 5),
('5.819', 'Toledo', 5),
('5.837', 'Turbo', 5),
('5.842', 'Uramita', 5),
('5.847', 'Urrao', 5),
('5.854', 'Valdivia', 5),
('5.856', 'Valparaíso', 5),
('5.858', 'Vegachí', 5),
('5.861', 'Venecia', 5),
('5.873', 'Vigía del Fuerte', 5),
('5.885', 'Yalí', 5),
('5.887', 'Yarumal', 5),
('5.89', 'Yolombó', 5),
('5.893', 'Yondó', 5),
('5.895', 'Zaragoza', 5),
('50.001', 'Villavicencio', 50),
('50.006', 'Acacias', 50),
('50.11', 'Barranca de Upía', 50),
('50.124', 'Cabuyaro', 50),
('50.15', 'Castilla la Nueva', 50),
('50.223', 'Cubarral', 50),
('50.226', 'Cumaral', 50),
('50.245', 'El Calvario', 50),
('50.251', 'El Castillo', 50),
('50.27', 'El Dorado', 50),
('50.287', 'Fuente de Oro', 50),
('50.313', 'Granada', 50),
('50.318', 'Guamal', 50),
('50.325', 'Mapiripán', 50),
('50.33', 'Mesetas', 50),
('50.35', 'La Macarena', 50),
('50.37', 'Uribe', 50),
('50.4', 'Lejanías', 50),
('50.45', 'Puerto Concordia', 50),
('50.568', 'Puerto Gaitán', 50),
('50.573', 'Puerto López', 50),
('50.577', 'Puerto Lleras', 50),
('50.59', 'Puerto Rico', 50),
('50.606', 'Restrepo', 50),
('50.68', 'San Carlos de Guaroa', 50),
('50.683', 'San Juan de Arama', 50),
('50.686', 'San Juanito', 50),
('50.689', 'San Martín', 50),
('50.711', 'Vista Hermosa', 50),
('52.001', 'Pasto', 52),
('52.019', 'Albán', 52),
('52.022', 'Aldana', 52),
('52.036', 'Ancuyá', 52),
('52.051', 'Arboleda', 52),
('52.079', 'Barbacoas', 52),
('52.083', 'Belén', 52),
('52.11', 'Buesaco', 52),
('52.203', 'Colón', 52),
('52.207', 'Consaca', 52),
('52.21', 'Contadero', 52),
('52.215', 'Córdoba', 52),
('52.224', 'Cuaspud', 52),
('52.227', 'Cumbal', 52),
('52.233', 'Cumbitara', 52),
('52.24', 'Chachagüí', 52),
('52.25', 'El Charco', 52),
('52.254', 'El Peñol', 52),
('52.256', 'El Rosario', 52),
('52.258', 'El Tablón de Gómez', 52),
('52.26', 'El Tambo', 52),
('52.287', 'Funes', 52),
('52.317', 'Guachucal', 52),
('52.32', 'Guaitarilla', 52),
('52.323', 'Gualmatán', 52),
('52.352', 'Iles', 52),
('52.354', 'Imués', 52),
('52.356', 'Ipiales', 52),
('52.378', 'La Cruz', 52),
('52.381', 'La Florida', 52),
('52.385', 'La Llanada', 52),
('52.39', 'La Tola', 52),
('52.399', 'La Unión', 52),
('52.405', 'Leiva', 52),
('52.411', 'Linares', 52),
('52.418', 'Los Andes', 52),
('52.427', 'Magüí', 52),
('52.435', 'Mallama', 52),
('52.473', 'Mosquera', 52),
('52.48', 'Nariño', 52),
('52.49', 'Olaya Herrera', 52),
('52.506', 'Ospina', 52),
('52.52', 'Francisco Pizarro', 52),
('52.54', 'Policarpa', 52),
('52.56', 'Potosí', 52),
('52.565', 'Providencia', 52),
('52.573', 'Puerres', 52),
('52.585', 'Pupiales', 52),
('52.612', 'Ricaurte', 52),
('52.621', 'Roberto Payán', 52),
('52.678', 'Samaniego', 52),
('52.683', 'Sandoná', 52),
('52.685', 'San Bernardo', 52),
('52.687', 'San Lorenzo', 52),
('52.693', 'San Pablo', 52),
('52.694', 'San Pedro de Cartago', 52),
('52.696', 'Santa Bárbara', 52),
('52.699', 'Santacruz', 52),
('52.72', 'Sapuyes', 52),
('52.786', 'Taminango', 52),
('52.788', 'Tangua', 52),
('52.835', 'San Andrés de Tumaco', 52),
('52.838', 'Túquerres', 52),
('52.885', 'Yacuanquer', 52),
('54.001', 'Cúcuta', 54),
('54.003', 'Abrego', 54),
('54.051', 'Arboledas', 54),
('54.099', 'Bochalema', 54),
('54.109', 'Bucarasica', 54),
('54.125', 'Cácota', 54),
('54.128', 'Cachirá', 54),
('54.172', 'Chinácota', 54),
('54.174', 'Chitagá', 54),
('54.206', 'Convención', 54),
('54.223', 'Cucutilla', 54),
('54.239', 'Durania', 54),
('54.245', 'El Carmen', 54),
('54.25', 'El Tarra', 54),
('54.261', 'El Zulia', 54),
('54.313', 'Gramalote', 54),
('54.344', 'Hacarí', 54),
('54.347', 'Herrán', 54),
('54.377', 'Labateca', 54),
('54.385', 'La Esperanza', 54),
('54.398', 'La Playa', 54),
('54.405', 'Los Patios', 54),
('54.418', 'Lourdes', 54),
('54.48', 'Mutiscua', 54),
('54.498', 'Ocaña', 54),
('54.518', 'Pamplona', 54),
('54.52', 'Pamplonita', 54),
('54.553', 'Puerto Santander', 54),
('54.599', 'Ragonvalia', 54),
('54.66', 'Salazar', 54),
('54.67', 'San Calixto', 54),
('54.673', 'San Cayetano', 54),
('54.68', 'Santiago', 54),
('54.72', 'Sardinata', 54),
('54.743', 'Silos', 54),
('54.8', 'Teorama', 54),
('54.81', 'Tibú', 54),
('54.82', 'Toledo', 54),
('54.871', 'Villa Caro', 54),
('54.874', 'Villa del Rosario', 54),
('63.001', 'Armenia', 63),
('63.111', 'Buenavista', 63),
('63.13', 'Calarcá', 63),
('63.19', 'Circasia', 63),
('63.212', 'Córdoba', 63),
('63.272', 'Filandia', 63),
('63.302', 'Génova', 63),
('63.401', 'La Tebaida', 63),
('63.47', 'Montenegro', 63),
('63.548', 'Pijao', 63),
('63.594', 'Quimbaya', 63),
('63.69', 'Salento', 63),
('66.001', 'Pereira', 66),
('66.045', 'Apía', 66),
('66.075', 'Balboa', 66),
('66.088', 'Belén de Umbría', 66),
('66.17', 'Dosquebradas', 66),
('66.318', 'Guática', 66),
('66.383', 'La Celia', 66),
('66.4', 'La Virginia', 66),
('66.44', 'Marsella', 66),
('66.456', 'Mistrató', 66),
('66.572', 'Pueblo Rico', 66),
('66.594', 'Quinchía', 66),
('66.682', 'Santa Rosa de Cabal', 66),
('66.687', 'Santuario', 66),
('68.001', 'Bucaramanga', 68),
('68.013', 'Aguada', 68),
('68.02', 'Albania', 68),
('68.051', 'Aratoca', 68),
('68.077', 'Barbosa', 68),
('68.079', 'Barichara', 68),
('68.081', 'Barrancabermeja', 68),
('68.092', 'Betulia', 68),
('68.101', 'Bolívar', 68),
('68.121', 'Cabrera', 68),
('68.132', 'California', 68),
('68.147', 'Capitanejo', 68),
('68.152', 'Carcasí', 68),
('68.16', 'Cepitá', 68),
('68.162', 'Cerrito', 68),
('68.167', 'Charalá', 68),
('68.169', 'Charta', 68),
('68.176', 'Chimá', 68),
('68.179', 'Chipatá', 68),
('68.19', 'Cimitarra', 68),
('68.207', 'Concepción', 68),
('68.209', 'Confines', 68),
('68.211', 'Contratación', 68),
('68.217', 'Coromoro', 68),
('68.229', 'Curití', 68),
('68.235', 'El Carmen de Chucurí', 68),
('68.245', 'El Guacamayo', 68),
('68.25', 'El Peñón', 68),
('68.255', 'El Playón', 68),
('68.264', 'Encino', 68),
('68.266', 'Enciso', 68),
('68.271', 'Florián', 68),
('68.276', 'Floridablanca', 68),
('68.296', 'Galán', 68),
('68.298', 'Gambita', 68),
('68.307', 'Girón', 68),
('68.318', 'Guaca', 68),
('68.32', 'Guadalupe', 68),
('68.322', 'Guapotá', 68),
('68.324', 'Guavatá', 68),
('68.327', 'Güepsa', 68),
('68.344', 'Hato', 68),
('68.368', 'Jesús María', 68),
('68.37', 'Jordán', 68),
('68.377', 'La Belleza', 68),
('68.385', 'Landázuri', 68),
('68.397', 'La Paz', 68),
('68.406', 'Lebríja', 68),
('68.418', 'Los Santos', 68),
('68.425', 'Macaravita', 68),
('68.432', 'Málaga', 68),
('68.444', 'Matanza', 68),
('68.464', 'Mogotes', 68),
('68.468', 'Molagavita', 68),
('68.498', 'Ocamonte', 68),
('68.5', 'Oiba', 68),
('68.502', 'Onzaga', 68),
('68.522', 'Palmar', 68),
('68.524', 'Palmas del Socorro', 68),
('68.533', 'Páramo', 68),
('68.547', 'Piedecuesta', 68),
('68.549', 'Pinchote', 68),
('68.572', 'Puente Nacional', 68),
('68.573', 'Puerto Parra', 68),
('68.575', 'Puerto Wilches', 68),
('68.615', 'Rionegro', 68),
('68.655', 'Sabana de Torres', 68),
('68.669', 'San Andrés', 68),
('68.673', 'San Benito', 68),
('68.679', 'San Gil', 68),
('68.682', 'San Joaquín', 68),
('68.684', 'San José de Miranda', 68),
('68.686', 'San Miguel', 68),
('68.689', 'San Vicente de Chucurí', 68),
('68.705', 'Santa Bárbara', 68),
('68.72', 'Santa Helena del Opón', 68),
('68.745', 'Simacota', 68),
('68.755', 'Socorro', 68),
('68.77', 'Suaita', 68),
('68.773', 'Sucre', 68),
('68.78', 'Suratá', 68),
('68.82', 'Tona', 68),
('68.855', 'Valle de San José', 68),
('68.861', 'Vélez', 68),
('68.867', 'Vetas', 68),
('68.872', 'Villanueva', 68),
('68.895', 'Zapatoca', 68),
('70.001', 'Sincelejo', 70),
('70.11', 'Buenavista', 70),
('70.124', 'Caimito', 70),
('70.204', 'Coloso', 70),
('70.215', 'Corozal', 70),
('70.221', 'Coveñas', 70),
('70.23', 'Chalán', 70),
('70.233', 'El Roble', 70),
('70.235', 'Galeras', 70),
('70.265', 'Guaranda', 70),
('70.4', 'La Unión', 70),
('70.418', 'Los Palmitos', 70),
('70.429', 'Majagual', 70),
('70.473', 'Morroa', 70),
('70.508', 'Ovejas', 70),
('70.523', 'Palmito', 70),
('70.67', 'Sampués', 70),
('70.678', 'San Benito Abad', 70),
('70.702', 'San Juan de Betulia', 70),
('70.708', 'San Marcos', 70),
('70.713', 'San Onofre', 70),
('70.717', 'San Pedro', 70),
('70.742', 'San Luis de Sincé', 70),
('70.771', 'Sucre', 70),
('70.82', 'Santiago de Tolú', 70),
('70.823', 'Tolú Viejo', 70),
('73.001', 'Ibagué', 73),
('73.024', 'Alpujarra', 73),
('73.026', 'Alvarado', 73),
('73.03', 'Ambalema', 73),
('73.043', 'Anzoátegui', 73),
('73.055', 'Armero', 73),
('73.067', 'Ataco', 73),
('73.124', 'Cajamarca', 73),
('73.148', 'Carmen de Apicala', 73),
('73.152', 'Casabianca', 73),
('73.168', 'Chaparral', 73),
('73.2', 'Coello', 73),
('73.217', 'Coyaima', 73),
('73.226', 'Cunday', 73),
('73.236', 'Dolores', 73),
('73.268', 'Espinal', 73),
('73.27', 'Falan', 73),
('73.275', 'Flandes', 73),
('73.283', 'Fresno', 73),
('73.319', 'Guamo', 73),
('73.347', 'Herveo', 73),
('73.349', 'Honda', 73),
('73.352', 'Icononzo', 73),
('73.408', 'Lérida', 73),
('73.411', 'Líbano', 73),
('73.443', 'Mariquita', 73),
('73.449', 'Melgar', 73),
('73.461', 'Murillo', 73),
('73.483', 'Natagaima', 73),
('73.504', 'Ortega', 73),
('73.52', 'Palocabildo', 73),
('73.547', 'Piedras', 73),
('73.555', 'Planadas', 73),
('73.563', 'Prado', 73),
('73.585', 'Purificación', 73),
('73.616', 'Rio Blanco', 73),
('73.622', 'Roncesvalles', 73),
('73.624', 'Rovira', 73),
('73.671', 'Saldaña', 73),
('73.675', 'San Antonio', 73),
('73.678', 'San Luis', 73),
('73.686', 'Santa Isabel', 73),
('73.77', 'Suárez', 73),
('73.854', 'Valle de San Juan', 73),
('73.861', 'Venadillo', 73),
('73.87', 'Villahermosa', 73),
('73.873', 'Villarrica', 73),
('76.001', 'Cali', 76),
('76.02', 'Alcalá', 76),
('76.036', 'Andalucía', 76),
('76.041', 'Ansermanuevo', 76),
('76.054', 'Argelia', 76),
('76.1', 'Bolívar', 76),
('76.109', 'Buenaventura', 76),
('76.111', 'Guadalajara de Buga', 76),
('76.113', 'Bugalagrande', 76),
('76.122', 'Caicedonia', 76),
('76.126', 'Calima', 76),
('76.13', 'Candelaria', 76),
('76.147', 'Cartago', 76),
('76.233', 'Dagua', 76),
('76.243', 'El Águila', 76),
('76.246', 'El Cairo', 76),
('76.248', 'El Cerrito', 76),
('76.25', 'El Dovio', 76),
('76.275', 'Florida', 76),
('76.306', 'Ginebra', 76),
('76.318', 'Guacarí', 76),
('76.364', 'Jamundí', 76),
('76.377', 'La Cumbre', 76),
('76.4', 'La Unión', 76),
('76.403', 'La Victoria', 76),
('76.497', 'Obando', 76),
('76.52', 'Palmira', 76),
('76.563', 'Pradera', 76),
('76.606', 'Restrepo', 76),
('76.616', 'Riofrío', 76),
('76.622', 'Roldanillo', 76),
('76.67', 'San Pedro', 76),
('76.736', 'Sevilla', 76),
('76.823', 'Toro', 76),
('76.828', 'Trujillo', 76),
('76.834', 'Tuluá', 76),
('76.845', 'Ulloa', 76),
('76.863', 'Versalles', 76),
('76.869', 'Vijes', 76),
('76.89', 'Yotoco', 76),
('76.892', 'Yumbo', 76),
('76.895', 'Zarzal', 76),
('8.001', 'Barranquilla', 8),
('8.078', 'Baranoa', 8),
('8.137', 'Campo de La Cruz', 8),
('8.141', 'Candelaria', 8),
('8.296', 'Galapa', 8),
('8.372', 'Juan de Acosta', 8),
('8.421', 'Luruaco', 8),
('8.433', 'Malambo', 8),
('8.436', 'Manatí', 8),
('8.52', 'Palmar de Varela', 8),
('8.549', 'Piojó', 8),
('8.558', 'Polonuevo', 8),
('8.56', 'Ponedera', 8),
('8.573', 'Puerto Colombia', 8),
('8.606', 'Repelón', 8),
('8.634', 'Sabanagrande', 8),
('8.638', 'Sabanalarga', 8),
('8.675', 'Santa Lucía', 8),
('8.685', 'Santo Tomás', 8),
('8.758', 'Soledad', 8),
('8.77', 'Suan', 8),
('8.832', 'Tubará', 8),
('8.849', 'Usiacurí', 8),
('81.001', 'Arauca', 81),
('81.065', 'Arauquita', 81),
('81.22', 'Cravo Norte', 81),
('81.3', 'Fortul', 81),
('81.591', 'Puerto Rondón', 81),
('81.736', 'Saravena', 81),
('81.794', 'Tame', 81),
('85.001', 'Yopal', 85),
('85.01', 'Aguazul', 85),
('85.015', 'Chámeza', 85),
('85.125', 'Hato Corozal', 85),
('85.136', 'La Salina', 85),
('85.139', 'Maní', 85),
('85.162', 'Monterrey', 85),
('85.225', 'Nunchía', 85),
('85.23', 'Orocué', 85),
('85.25', 'Paz de Ariporo', 85),
('85.263', 'Pore', 85),
('85.279', 'Recetor', 85),
('85.3', 'Sabanalarga', 85),
('85.315', 'Sácama', 85),
('85.325', 'San Luis de Gaceno', 85),
('85.4', 'Támara', 85),
('85.41', 'Tauramena', 85),
('85.43', 'Trinidad', 85),
('85.44', 'Villanueva', 85),
('86.001', 'Mocoa', 86),
('86.219', 'Colón', 86),
('86.32', 'Orito', 86),
('86.568', 'Puerto Asís', 86),
('86.569', 'Puerto Caicedo', 86),
('86.571', 'Puerto Guzmán', 86),
('86.573', 'Leguízamo', 86),
('86.749', 'Sibundoy', 86),
('86.755', 'San Francisco', 86),
('86.757', 'San Miguel', 86),
('86.76', 'Santiago', 86),
('86.865', 'Valle de Guamez', 86),
('86.885', 'Villagarzón', 86),
('88.001', 'San Andrés', 88),
('88.564', 'Providencia', 88),
('91.001', 'Leticia', 91),
('91.263', 'El Encanto', 91),
('91.405', 'La Chorrera', 91),
('91.407', 'La Pedrera', 91),
('91.43', 'La Victoria', 91),
('91.46', 'Miriti Paraná', 91),
('91.53', 'Puerto Alegría', 91),
('91.536', 'Puerto Arica', 91),
('91.54', 'Puerto Nariño', 91),
('91.669', 'Puerto Santander', 91),
('91.798', 'Tarapacá', 91),
('94.001', 'Inírida', 94),
('94.343', 'Barranco Minas', 94),
('94.663', 'Mapiripana', 94),
('94.883', 'San Felipe', 94),
('94.884', 'Puerto Colombia', 94),
('94.885', 'La Guadalupe', 94),
('94.886', 'Cacahual', 94),
('94.887', 'Pana Pana', 94),
('94.888', 'Morichal', 94),
('95.001', 'San José del Guaviare', 95),
('95.015', 'Calamar', 95),
('95.025', 'El Retorno', 95),
('95.2', 'Miraflores', 95),
('97.001', 'Mitú', 97),
('97.161', 'Carurú', 97),
('97.511', 'Pacoa', 97),
('97.666', 'Taraira', 97),
('97.777', 'Papunahua', 97),
('97.889', 'Yavaraté', 97),
('99.001', 'Puerto Carreño', 99),
('99.524', 'La Primavera', 99),
('99.624', 'Santa Rosalía', 99),
('99.773', 'Cumaribo', 99);

-- --------------------------------------------------------

--
-- Estructura de tabla para la tabla `region`
--

DROP TABLE IF EXISTS `region`;
CREATE TABLE IF NOT EXISTS `region` (
  `idRegion` int(11) NOT NULL AUTO_INCREMENT,
  `nombreRegion` varchar(100) NOT NULL,
  PRIMARY KEY (`idRegion`),
  UNIQUE KEY `nombreRegion` (`nombreRegion`)
) ENGINE=InnoDB AUTO_INCREMENT=8 DEFAULT CHARSET=utf8 COLLATE=utf8_general_ci;

--
-- Volcado de datos para la tabla `region`
--

INSERT INTO `region` (`idRegion`, `nombreRegion`) VALUES
(3, 'Región Caribe'),
(2, 'Región Centro Oriente'),
(6, 'Región Centro Sur'),
(1, 'Región Eje Cafetero - Antioquia'),
(5, 'Región Llano'),
(4, 'Región Pacífico');

--
-- Restricciones para tablas volcadas
--

--
-- Filtros para la tabla `departamento`
--
ALTER TABLE `departamento`
  ADD CONSTRAINT `fk_departamento_region1` FOREIGN KEY (`region_idRegion`) REFERENCES `region` (`idRegion`) ON DELETE NO ACTION ON UPDATE NO ACTION;

--
-- Filtros para la tabla `municipio`
--
ALTER TABLE `municipio`
  ADD CONSTRAINT `fk_municipio_departamento` FOREIGN KEY (`departamento_idDepartamento`) REFERENCES `departamento` (`idDepartamento`) ON DELETE NO ACTION ON UPDATE NO ACTION;
COMMIT;

/*!40101 SET CHARACTER_SET_CLIENT=@OLD_CHARACTER_SET_CLIENT */;
/*!40101 SET CHARACTER_SET_RESULTS=@OLD_CHARACTER_SET_RESULTS */;
/*!40101 SET COLLATION_CONNECTION=@OLD_COLLATION_CONNECTION */;
